<?xml version="1.0" encoding="utf-8"?>
<!-- Splash screen file, saved 1/12/2020 9:28:59 PM using CourseLab 190608 -->
<splash>
<settings>
<showsplash>yes</showsplash>
<fitwindow>no</fitwindow>
<fit_small_window>yes</fit_small_window>
</settings>
<data>
<![CDATA[<img src="images/minimal_0009_00.jpg" style="position:absolute;left:0px;top:0px;width:792px;height:536px;"/><div style="position: absolute; box-sizing: border-box; left: 148px; top: 329px; width: 496px; height: 40px;"><p align="center" style="COLOR: #ffffff;"><span style="font-size:24px"><span style="font-family:clear_sansregular,arial,sans-serif"><strong>Проектирование рейтинговых систем</strong></span></span></p></div><div style="position: absolute; left: 301px; top: 461px; width: 200px; height: 40px;"><div style="position: absolute; width: 200px; height: 40px; -webkit-touch-callout: none; -webkit-user-select: none; -khtml-user-select: none; -moz-user-select: none; -ms-user-select: none; user-select: none;" title="НАЧАТЬ" ><div id="MN9_TTL_BTN_BTN" style="cursor: pointer; position: relative; left: 0; top: 0; box-sizing: border-box; width: 200px; height: 40px; border-style: solid; border-width: 1px; border-color: #11429E; -o-border-radius: 5px; -ms-border-radius: 5px; -moz-border-radius: 5px; -webkit-border-radius: 5px; border-radius: 5px;-o-box-shadow: 2px 2px 6px rgba(102,102,102,0.66);-ms-box-shadow: 2px 2px 6px rgba(102,102,102,0.66);-moz-box-shadow: 2px 2px 6px rgba(102,102,102,0.66); -webkit-box-shadow: 2px 2px 6px rgba(102,102,102,0.66); box-shadow: 2px 2px 6px rgba(102,102,102,0.66);border-color: #11429E; background-color: #11429E;background-image: -o-linear-gradient(90deg, #11429E 0%, #B0CBFF 100%); background-image: -ms-linear-gradient(90deg, #11429E 0%, #B0CBFF 100%); background-image: -moz-linear-gradient(90deg, #11429E 0%, #B0CBFF 100%); background-image: -webkit-linear-gradient(90deg, #11429E 0%, #B0CBFF 100%); background-image: linear-gradient(0deg, #11429E 0%, #B0CBFF 100%);" onmouseover="this.setAttribute('style', this.getAttribute('data-style-over'));" onmouseout="this.setAttribute('style', this.getAttribute('data-style-idle'));" onclick="CL.Start(); return false;" data-style-idle="cursor: pointer; position: relative; left: 0; top: 0; box-sizing: border-box; width: 200px; height: 40px; border-style: solid; border-width: 1px; border-color: #11429E; -o-border-radius: 5px; -ms-border-radius: 5px; -moz-border-radius: 5px; -webkit-border-radius: 5px; border-radius: 5px;-o-box-shadow: 2px 2px 6px rgba(102,102,102,0.66);-ms-box-shadow: 2px 2px 6px rgba(102,102,102,0.66);-moz-box-shadow: 2px 2px 6px rgba(102,102,102,0.66); -webkit-box-shadow: 2px 2px 6px rgba(102,102,102,0.66); box-shadow: 2px 2px 6px rgba(102,102,102,0.66);border-color: #11429E; background-color: #11429E;background-image: -o-linear-gradient(90deg, #11429E 0%, #B0CBFF 100%); background-image: -ms-linear-gradient(90deg, #11429E 0%, #B0CBFF 100%); background-image: -moz-linear-gradient(90deg, #11429E 0%, #B0CBFF 100%); background-image: -webkit-linear-gradient(90deg, #11429E 0%, #B0CBFF 100%); background-image: linear-gradient(0deg, #11429E 0%, #B0CBFF 100%);" data-style-over="cursor: pointer; position: relative; left: 0; top: 0; box-sizing: border-box; width: 200px; height: 40px; border-style: solid; border-width: 1px; border-color: #11429E; -o-border-radius: 5px; -ms-border-radius: 5px; -moz-border-radius: 5px; -webkit-border-radius: 5px; border-radius: 5px;-o-box-shadow: 2px 2px 6px rgba(102,102,102,0.66);-ms-box-shadow: 2px 2px 6px rgba(102,102,102,0.66);-moz-box-shadow: 2px 2px 6px rgba(102,102,102,0.66); -webkit-box-shadow: 2px 2px 6px rgba(102,102,102,0.66); box-shadow: 2px 2px 6px rgba(102,102,102,0.66);border-color: #11429E; background-color: #11429E;background-image: -o-linear-gradient(270deg, #11429E 0%, #B0CBFF 100%); background-image: -ms-linear-gradient(270deg, #11429E 0%, #B0CBFF 100%); background-image: -moz-linear-gradient(270deg, #11429E 0%, #B0CBFF 100%); background-image: -webkit-linear-gradient(270deg, #11429E 0%, #B0CBFF 100%); background-image: linear-gradient(180deg, #11429E 0%, #B0CBFF 100%);"><div id="MN9_TTL_BTN_BTN_BG" style="position: relative; padding: 0; margin: 0; width: 198px; height: 38px; "><table id="MN9_TTL_BTN_BTN_TABLE" style="border-spacing: 0; width: 198px; height: 38px;"><tr><td id="MN9_TTL_BTN_BTN_TABLE_CONTENT" style="text-align: center; vertical-align: middle; padding: 0; text-shadow: 1px 1px 2px rgba(255,255,255,0.66); width: 198px; height: 38px; font-family: clear_sans_mediumregular, Arial, sans-serif; font-size: 18px; color: #0D3173; ">НАЧАТЬ</td></tr></table></div></div></div></div>]]>
</data>
</splash>
